{
  "parent": "minecraft:item/generated",
  "textures": {
    "layer0": "minecraft:item/potion"
  },
  "overrides": [
    {
      "predicate": { "custom_model_data": 10002 },
      "model": "bandageResourcePack:item/medikit"
    }
  ],
  "model": {
    "type": "select",
    "property": "custom_model_data",
    "fallback": {
      "type": "model",
      "model": "item/potion"
    },
    "cases": [
      {
        "when": 10002,
        "model": {
          "type": "model",
          "model": "bandageResourcePack:item/medikit"
        }
      }
    ]
  }
}